<?xml version="1.0" encoding="UTF-8"?>
<beans xmlns="http://www.springframework.org/schema/beans"
	xmlns:xsi="http://www.w3.org/2001/XMLSchema-instance"
	xmlns:aop="http://www.springframework.org/schema/aop"
	xmlns:context="http://www.springframework.org/schema/context"
	xmlns:p="http://www.springframework.org/schema/p"
	xsi:schemaLocation="http://www.springframework.org/schema/beans http://www.springframework.org/schema/beans/spring-beans.xsd
		http://www.springframework.org/schema/aop http://www.springframework.org/schema/aop/spring-aop-4.3.xsd
		http://www.springframework.org/schema/context http://www.springframework.org/schema/context/spring-context-3.0.xsd">

	<!-- annotation을 사용하기 위한 태그 -->
	<context:component-scan base-package = "com.test.myapp"/>

 	<!-- AOP annotation -->
	<aop:aspectj-autoproxy/>



<!-- 생성자 주입 -->
<!--
<bean id = "helloController" class = "com.test.myapp.controller.HelloController">
	<constructor-arg ref = "helloService"/>
</bean>
-->

<!-- 
 	<bean id = "helloService" class = "com.test.myapp.service.HelloService"></bean>
	<bean id = "helloLog" class = "com.test.myapp.aspectLog.HelloLog"></bean>
 -->
	
<!--
	<bean id = "helloController" class = "com.test.myapp.controller.HelloController">
		<property name = "helloService" ref = "helloService"/>
	</bean>	
-->


<!-- AOP 적용 -->
<!-- 
	<aop:config>
		<aop:pointcut id = "hello" expression = "execution(* com.test..HelloService.sayHello(..))"/>
		<aop:aspect ref = "helloLog">
			<aop:around pointcut-ref = "hello" method = "trace"/>
		</aop:aspect>
 	</aop:config>
 -->


 

</beans>


