<?xml version="1.0" encoding="UTF-8"?>
<!DOCTYPE mapper PUBLIC "-//mybatis.org/DTD Mapper 3.0//EN"
	"http://mybatis.org/dtd/mybatis-3-mapper.dtd">
<mapper namespace = "com.dlt.senior.usermgmt.dao.IMemberRepository">
	<resultMap id = "memberMapping" type = "com.dlt.senior.usermgmt.model.MemberVO">
		<result property = "userId" column = "ab_id"/>
		<result property = "userPw" column = "ab_pw" />
		<result property = "phone" column = "ab_phone"/>
		<result property = "email" column = "ab_email" />
		<result property = "date" column = "ab_rdate" />
	</resultMap>
	
	<select id = "getLogin" parameterType = "com.dlt.senior.usermgmt.model.MemberVO" resultType = "com.dlt.senior.usermgmt.model.MemberVO">
		SELECT ab_id AS userId, ab_pw AS userPw, ab_name AS name FROM members WHERE ab_id = '${userId}'
	</select>
	
</mapper>