<?xml version="1.0" encoding="UTF-8"?>
<beans xmlns="http://www.springframework.org/schema/beans"
	xmlns:xsi="http://www.w3.org/2001/XMLSchema-instance"
	xmlns:context="http://www.springframework.org/schema/context"
	xsi:schemaLocation="http://www.springframework.org/schema/beans http://www.springframework.org/schema/beans/spring-beans.xsd
		http://www.springframework.org/schema/context http://www.springframework.org/schema/context/spring-context-3.0.xsd">
	
	<!-- 스코프 테스트 -->
	<bean id = "person" class = "com.test.myapp.member.Person" scope = "prototype">
		<property name = "name" value = "홍길동"/>
		<property name = "age" value = "30"/>
	</bean>

	<bean id = "customer" class = "com.test.myapp.member.Customer" scope = "singleton">
		<property name = "lists">
			<list>
				<value>1</value>
				<ref bean = "person"/> <!-- 이거 빼면 리스트에 홍길동 bean 빠짐 -->
				<bean class = "com.test.myapp.member.Person">
					<property name = "name" value = "홍길동동"/>
					<property name = "age" value = "8"/>
				</bean>
			</list>
		</property>
		
		<property name = "sets">
			<set>
				<value>2</value> <!-- 값이 2인 요소 -->
				<ref bean = "person"/> <!-- person 객체 가져와서 사용 -->
				<bean class = "com.test.myapp.member.Person"> <!-- person 객체 새롭게 정의 후 집어넣음 -->
					<property name = "name" value = "홍길동동동"/>
					<property name = "age" value = "9"/>
				</bean>
			</set>
		</property>
		
		<property name = "maps">
			<map>
				<entry key = "Key1" value = "3"/>
				<entry key = "Key2" value-ref = "person"/>
				<entry key = "Key3">
					<bean class = "com.test.myapp.member.Person">
					<property name = "name" value = "홍길동동동동"/>
					<property name = "age" value = "30"/>
				</bean>
				</entry>
			</map>
		</property>
		
		<property name = "props">
			<props>
				<prop key = "webmaster">webmaster@naver.com</prop>
				<prop key = "support">support@naver.com</prop>
			</props>
		</property>
	</bean>
</beans>
