<?xml version="1.0" encoding="UTF-8"?>
<!DOCTYPE mapper PUBLIC "-//mybatis.org/DTD Mapper 3.0//EN"
	"http://mybatis.org/dtd/mybatis-3-mapper.dtd">
<mapper namespace = "com.dlt.senior.policy.dao.IPolicyRepository">
	<resultMap id = "policyMapping" type = "com.dlt.senior.policy.model.PolicyVO">
		<result property = "regionId" column = "region_id"/>
		<result property = "publicId" column = "public_id"/>
		<result property = "category" column = "category" />
		<result property = "dtlBizCon" column = "dtlbizcon"/>
		<result property = "jobSam" column = "jobsam" />
		<result property = "supportCon" column = "supportcon" />
	</resultMap>
	
</mapper>