<?xml version="1.0" encoding="UTF-8"?>
<!DOCTYPE mapper PUBLIC "-//mybatis.org/DTD Mapper 3.0//EN"
	"http://mybatis.org/dtd/mybatis-3-mapper.dtd">
<mapper namespace = "com.dlt.senior.board.dao.IBoardRepository">
	<resultMap id = "boardMapping" type = "com.dlt.senior.board.model.BoardVO">
		<result property = "boardId" column = "b_id"/>
		<result property = "userName" column = "b_name" />
		<result property = "boardTitle" column = "b_title"/>
		<result property = "boardContent" column = "b_content" />
		<result property = "boardDate" column = "b_date" />
		<result property = "boardViews" column = "b_views" />
		<result property = "maxList" column = "maxList"/>
	</resultMap>
	
	<select id = "getBoardList" parameterType = "int" resultType = "com.dlt.senior.board.model.BoardVO">
		SELECT b_id AS boardId, b_title AS boardTitle, 
		b_content AS boardContent, b_date AS boardDate, b_views AS boardViews, 
		b_name AS userName 
		FROM (SELECT b_id, b_title, b_content, b_Date, b_views, ROW_NUMBER() 
		OVER (ORDER BY b_date DESC) AS rnum, b_name FROM board) 
		WHERE rnum BETWEEN #{startRow} AND #{endRow}
	</select>
	
	<select id = "totalRows" parameterType = "int" resultType = "double">
		SELECT COUNT(*) FROM board
	</select>
	
	<select id = "getBoardView" parameterType = "int" resultType = "com.dlt.senior.board.model.BoardVO">
		SELECT b_id AS boardId, b_title AS boardTitle, ab_id AS userId, b_name AS userName,b_content AS boardContent, b_date AS boardDate,b_views AS boardViews FROM board WHERE b_id = #{boardId}
	</select>
	
	<update id = "updateViewership" parameterType = "int">
		UPDATE board SET b_views = b_views + 1 WHERE b_id = #{boardId}
	</update>
	
	<select id = "getCommentList" parameterType = "int" resultType = "com.dlt.senior.board.model.CommentVO">
		SELECT c_id AS cId, b_id AS bId, ab_id AS userId, c_name AS cName, c_date AS cDate , comment_text AS bComment, group_number AS bGroup, c_step AS cStep FROM comments WHERE b_id = #{boardId} ORDER BY group_number ASC, c_id ASC
	</select>
	

	
</mapper>