<?xml version="1.0" encoding="UTF-8"?>
<beans xmlns="http://www.springframework.org/schema/beans"
	xmlns:xsi="http://www.w3.org/2001/XMLSchema-instance"
	xmlns:aop="http://www.springframework.org/schema/aop"
	xmlns:context="http://www.springframework.org/schema/context"
	xmlns:mvc="http://www.springframework.org/schema/mvc"
	xsi:schemaLocation="http://www.springframework.org/schema/beans http://www.springframework.org/schema/beans/spring-beans.xsd
		http://www.springframework.org/schema/aop http://www.springframework.org/schema/aop/spring-aop-3.1.xsd
		http://www.springframework.org/schema/context http://www.springframework.org/schema/context/spring-context-3.1.xsd
		http://www.springframework.org/schema/mvc http://www.springframework.org/schema/mvc/spring-mvc-3.1.xsd">

	<context:component-scan base-package="com.test.myapp.hr.controller" />
	

	<!-- Resolves views selected for rendering by @Controllers to .jsp resources in the /WEB-INF/views directory -->
	<bean class="org.springframework.web.servlet.view.InternalResourceViewResolver">
		<property name="prefix" value="/WEB-INF/views/" />
		<property name="suffix" value=".jsp" />
	</bean>
	
	<mvc:view-controller path = "/" view-name = "home" />
	
	<mvc:resources location = "/WEB-INF/resources/" mapping = "/**"/>
	<mvc:resources location = "/WEB-INF/resources/images" mapping = "/images/**"/>
	<mvc:resources location = "/WEB-INF/resources/js" mapping = "/js/**"/>
	<mvc:resources location = "/WEB-INF/resources/css" mapping = "/css/**"/>
	
	<bean id="exceptionResolver" class="org.springframework.web.servlet.handler.SimpleMappingExceptionResolver">
    	<property name="exceptionMappings">
        	<props>
            	<prop key="java.lang.RuntimeException">error/runtime</prop>
        	</props>
    	</property>
    	<property name="defaultErrorView" value="error/default" />
	</bean>
	
	<!-- json -->
	<mvc:annotation-driven/>
	<bean id = "jacksonMessageConverter" class = "org.springframework.http.converter.json.MappingJackson2HttpMessageConverter"/>	

</beans>
